timestamp_sec,v_adc,v_bat
0,1.9952,3.9905
30,2.0622,4.1245
60,2.0487,4.0974
90,2.0438,4.0875
120,2.0634,4.1268
150,2.0639,4.1278
180,2.0632,4.1264
210,2.0633,4.1266
240,2.0633,4.1265
270,2.0623,4.1246
300,2.0632,4.1264
330,2.0637,4.1274
360,2.0429,4.0859
390,2.0638,4.1276
420,2.0640,4.1280
450,2.0625,4.1250
480,2.0634,4.1268
510,2.0635,4.1270
540,2.0420,4.0840
570,2.0631,4.1261
600,2.0427,4.0854
630,2.0630,4.1260
660,2.0629,4.1259
690,2.0639,4.1278
720,2.0646,4.1291
750,2.0427,4.0854
780,2.0628,4.1255
810,2.0421,4.0843
840,2.0425,4.0850
870,2.0531,4.1062
900,2.0633,4.1266
930,2.0436,4.0871
960,2.0423,4.0846
990,2.0629,4.1258
1020,2.0630,4.1260
1050,2.0623,4.1246
1080,2.0359,4.0719
1110,2.0361,4.0721
1140,2.0726,4.1451
1170,2.0740,4.1480
1200,2.0523,4.1046
1230,2.0739,4.1479
1260,2.0525,4.1050
1290,2.0743,4.1486
1320,2.0739,4.1478
1350,2.0734,4.1468
1380,2.0745,4.1490
1410,2.0744,4.1489
1440,2.0739,4.1478
1470,2.0740,4.1480
1500,2.0739,4.1478
1530,2.0743,4.1486
1560,2.0745,4.1490
1590,2.0749,4.1499
1620,2.0744,4.1487
1650,2.0743,4.1486
1680,2.0689,4.1378
1710,2.0528,4.1055
1740,2.0748,4.1496
1770,2.0749,4.1498
1800,2.0533,4.1065
1830,2.0752,4.1504
1860,2.0744,4.1489
1890,2.0536,4.1071
1920,2.0757,4.1514
1950,2.0749,4.1499
1980,2.0749,4.1498
2010,2.0751,4.1501
2040,2.0749,4.1498
2070,2.0746,4.1491
2100,2.0744,4.1487
2130,2.0751,4.1503
2160,2.0749,4.1498
2190,2.0546,4.1091
2220,2.0536,4.1071
2250,2.0542,4.1084
2280,2.0745,4.1490
2310,2.0744,4.1489
2340,2.0751,4.1503
2370,2.0758,4.1516
2400,2.0757,4.1514
2430,2.0739,4.1479
2460,2.0746,4.1493
2490,2.0749,4.1498
2520,2.0527,4.1054
2550,2.0757,4.1514
2580,2.0746,4.1491
2610,2.0747,4.1495
2640,2.0746,4.1493
2670,2.0741,4.1481
2700,2.0745,4.1490
2730,2.0746,4.1491
2760,2.0728,4.1456
2790,2.0733,4.1466
2820,2.0734,4.1469
2850,2.0738,4.1476
2880,2.0743,4.1485
2910,2.0734,4.1468
2940,2.0726,4.1451
2970,2.0731,4.1462
3000,2.0729,4.1459
3030,2.0734,4.1468
3060,2.0736,4.1471
3090,2.0733,4.1466
3120,2.0730,4.1460
3150,2.0738,4.1476
3180,2.0741,4.1481
3210,2.0731,4.1462
3240,2.0739,4.1479
3270,2.0743,4.1486
3300,2.0733,4.1465
3330,2.0734,4.1468
3360,2.0725,4.1450
3390,2.0543,4.1085
3420,2.0740,4.1480
3450,2.0731,4.1462
3480,2.0737,4.1474
3510,2.0736,4.1471
3540,2.0740,4.1480
3570,2.0734,4.1468
3600,2.0734,4.1469
3630,2.0736,4.1471
3660,2.0742,4.1484
3690,2.0742,4.1484
3720,2.0736,4.1473
3750,2.0737,4.1474
3780,2.0737,4.1474
3810,2.0738,4.1475
3840,2.0736,4.1473
3870,2.0736,4.1473
3900,2.0736,4.1471
3930,2.0741,4.1483
3960,2.0628,4.1255
3990,2.0732,4.1464
4020,2.0734,4.1469
4050,2.0545,4.1090
4080,2.0687,4.1375
4110,2.0737,4.1474
4140,2.0745,4.1490
4170,2.0736,4.1473
4200,2.0736,4.1473
4230,2.0744,4.1487
4260,2.0743,4.1486
4290,2.0742,4.1484
4320,2.0666,4.1331
4350,2.0728,4.1456
4380,2.0738,4.1476
4410,2.0733,4.1465
4440,2.0522,4.1044
4470,2.0744,4.1487
4500,2.0738,4.1476
4530,2.0743,4.1486
4560,2.0733,4.1465
4590,2.0739,4.1479
4620,2.0738,4.1475
4650,2.0737,4.1474
4680,2.0735,4.1470
4710,2.0739,4.1479
4740,2.0731,4.1462
4770,2.0554,4.1108
4800,2.0729,4.1459
4830,2.0726,4.1451
4860,2.0735,4.1470
4890,2.0735,4.1470
4920,2.0738,4.1475
4950,2.0739,4.1479
4980,2.0746,4.1491
5010,2.0740,4.1480
5040,2.0739,4.1478
5070,2.0731,4.1461
5100,2.0741,4.1483
5130,2.0741,4.1481
5217,2.0741,4.1483
5247,2.0739,4.1478
5277,2.0522,4.1044
5307,2.0731,4.1461
5337,2.0731,4.1462
5367,2.0734,4.1468
5397,2.0527,4.1054
5427,2.0729,4.1458
5457,2.0746,4.1493
5487,2.0729,4.1458
5517,2.0520,4.1040
5547,2.0749,4.1498
5577,2.0522,4.1044
5607,2.0738,4.1475
5637,2.0734,4.1469
5667,2.0740,4.1480
5697,2.0746,4.1491
5727,2.0740,4.1480
5757,2.0443,4.0886
5787,2.0543,4.1086
5817,2.0701,4.1403
5847,2.0693,4.1386
5877,2.0658,4.1316
5907,2.0672,4.1344
5937,2.0686,4.1371
5967,2.0684,4.1368
5997,2.0427,4.0855
6027,2.0664,4.1329
6057,2.0677,4.1354
6087,2.0581,4.1161
6117,2.0663,4.1326
6147,2.0412,4.0824
6177,2.0413,4.0825
6207,2.0652,4.1305
6237,2.0665,4.1330
6267,2.0651,4.1301
6297,2.0406,4.0813
6327,2.0392,4.0785
6357,2.0391,4.0783
6387,2.0641,4.1283
6417,2.0396,4.0793
6447,2.0396,4.0793
6477,2.0631,4.1261
6507,2.0389,4.0778
6537,2.0636,4.1273
6567,2.0632,4.1264
6597,2.0638,4.1275
6627,2.0378,4.0755
6657,2.0614,4.1227
6687,2.0622,4.1245
6717,2.0626,4.1251
6747,2.0618,4.1236
6777,2.0614,4.1229
6807,2.0622,4.1244
6837,2.0609,4.1219
6867,2.0484,4.0969
6897,2.0608,4.1216
6927,2.0620,4.1240
6957,2.0352,4.0705
6987,2.0604,4.1208
7017,2.0609,4.1219
7047,2.0599,4.1199
7077,2.0351,4.0701
7107,2.0589,4.1178
7137,2.0344,4.0689
7167,2.0586,4.1171
7197,2.0585,4.1170
7227,2.0399,4.0799
7257,2.0318,4.0636
7287,2.0586,4.1171
7317,2.0308,4.0615
7347,2.0409,4.0818
7377,2.0578,4.1156
7407,2.0394,4.0789
7437,2.0316,4.0631
7467,2.0569,4.1138
7497,2.0568,4.1136
7527,2.0564,4.1128
7557,2.0567,4.1134
7587,2.0564,4.1128
7617,2.0562,4.1124
7647,2.0406,4.0813
7677,2.0558,4.1116
7707,2.0554,4.1109
7737,2.0246,4.0491
7767,2.0303,4.0605
7797,2.0298,4.0596
7827,2.0300,4.0600
7857,2.0536,4.1073
7887,2.0538,4.1075
7917,2.0296,4.0591
7947,2.0529,4.1058
7977,2.0530,4.1060
8007,2.0529,4.1058
8037,2.0289,4.0578
8067,2.0536,4.1071
8097,2.0526,4.1053
8127,2.0489,4.0979
8157,2.0526,4.1053
8187,2.0515,4.1030
8217,2.0521,4.1041
8247,2.0519,4.1038
8277,2.0514,4.1029
8307,2.0519,4.1039
8337,2.0513,4.1026
8367,2.0498,4.0996
8397,2.0509,4.1019
8427,2.0263,4.0526
8457,2.0493,4.0986
8487,2.0495,4.0990
8517,2.0337,4.0674
8547,2.0501,4.1001
8577,2.0501,4.1002
8607,2.0492,4.0985
8637,2.0486,4.0973
8667,2.0479,4.0959
8697,2.0487,4.0974
8727,2.0483,4.0966
8757,2.0479,4.0959
8787,2.0229,4.0458
8817,2.0474,4.0949
8847,2.0474,4.0948
8877,2.0224,4.0448
8907,2.0413,4.0825
8937,2.0466,4.0931
8967,2.0461,4.0921
8997,2.0457,4.0915
9027,2.0457,4.0914
9057,2.0457,4.0915
9087,2.0456,4.0911
9117,2.0138,4.0276
9147,2.0454,4.0909
9177,2.0451,4.0901
9207,2.0446,4.0891
9237,2.0438,4.0876
9267,2.0436,4.0873
9297,2.0196,4.0393
9327,2.0439,4.0878
9357,2.0434,4.0869
9387,2.0432,4.0864
9417,2.0438,4.0875
9447,2.0440,4.0880
9477,2.0426,4.0851
9507,2.0426,4.0851
9537,2.0419,4.0837
9567,2.0421,4.0841
9597,2.0159,4.0318
9627,2.0419,4.0839
9657,2.0411,4.0821
9687,2.0426,4.0853
9717,2.0421,4.0841
9747,2.0416,4.0833
9777,2.0164,4.0329
9807,2.0408,4.0816
9837,2.0413,4.0825
9867,2.0409,4.0819
9897,2.0416,4.0831
9927,2.0403,4.0806
9957,2.0408,4.0816
9987,2.0152,4.0304
10017,2.0387,4.0775
10047,2.0394,4.0789
10077,2.0389,4.0779
10107,2.0389,4.0778
10137,2.0397,4.0794
10167,2.0382,4.0764
10197,2.0386,4.0773
10227,2.0384,4.0769
10257,2.0387,4.0775
10287,2.0381,4.0761
10317,2.0381,4.0763
10347,2.0375,4.0750
10377,2.0378,4.0755
10407,2.0369,4.0738
10437,2.0369,4.0739
10467,2.0371,4.0741
10497,2.0366,4.0732
10527,2.0369,4.0738
10557,2.0366,4.0731
10587,2.0364,4.0728
10617,2.0356,4.0713
10647,2.0352,4.0705
10677,2.0361,4.0721
10707,2.0354,4.0708
10737,2.0356,4.0711
10767,2.0118,4.0236
10797,2.0346,4.0693
10827,2.0343,4.0685
10857,2.0348,4.0695
10887,2.0343,4.0686
10917,2.0333,4.0666
10947,2.0337,4.0674
10977,2.0333,4.0665
11007,2.0333,4.0665
11037,2.0329,4.0658
11067,2.0323,4.0646
11097,2.0338,4.0675
11127,2.0333,4.0665
11157,2.0330,4.0660
11187,2.0327,4.0655
11217,2.0325,4.0650
11247,2.0322,4.0644
11277,2.0068,4.0136
11307,2.0309,4.0618
11337,2.0311,4.0623
11367,2.0314,4.0628
11397,2.0312,4.0624
11427,2.0054,4.0109
11457,2.0304,4.0608
11487,2.0305,4.0610
11517,2.0311,4.0621
11547,2.0306,4.0611
11577,2.0308,4.0616
11607,2.0080,4.0160
11637,2.0203,4.0406
11667,2.0039,4.0078
11697,2.0289,4.0579
11727,2.0285,4.0570
11757,2.0288,4.0576
11787,2.0284,4.0569
11817,2.0284,4.0567
11847,2.0279,4.0559
11877,2.0029,4.0059
11907,2.0023,4.0046
11937,2.0014,4.0028
11967,2.0279,4.0558
11997,2.0277,4.0554
12027,2.0277,4.0554
12057,2.0273,4.0546
12087,2.0011,4.0021
12117,2.0262,4.0524
12147,2.0264,4.0529
12177,2.0014,4.0028
12207,2.0264,4.0529
12237,2.0259,4.0518
12267,2.0249,4.0498
12297,2.0259,4.0518
12327,2.0253,4.0506
12357,2.0001,4.0001
12387,2.0254,4.0507
12417,1.9997,3.9994
12447,2.0249,4.0499
12477,2.0243,4.0486
12507,2.0243,4.0486
12537,2.0244,4.0489
12567,2.0245,4.0490
12597,2.0242,4.0484
12627,1.9993,3.9986
12657,2.0229,4.0458
12687,2.0232,4.0464
12717,1.9974,3.9949
12747,2.0223,4.0446
12777,1.9972,3.9945
12807,2.0226,4.0453
12837,2.0221,4.0443
12867,2.0227,4.0455
12897,2.0226,4.0453
12927,2.0217,4.0434
12957,2.0211,4.0423
12987,2.0222,4.0444
13017,2.0212,4.0424
13047,2.0206,4.0413
13077,2.0209,4.0419
13107,2.0214,4.0428
13137,2.0213,4.0426
13167,2.0200,4.0400
13197,2.0206,4.0411
13227,2.0194,4.0388
13257,2.0198,4.0396
13287,1.9949,3.9899
13317,2.0199,4.0399
13347,2.0194,4.0389
13377,2.0190,4.0380
13407,2.0197,4.0394
13437,2.0199,4.0399
13467,2.0191,4.0383
13497,2.0192,4.0384
13527,2.0181,4.0361
13557,2.0179,4.0358
13587,2.0183,4.0365
13617,2.0182,4.0364
13647,2.0174,4.0348
13677,2.0176,4.0351
13707,2.0180,4.0360
13737,2.0175,4.0350
13767,2.0167,4.0334
13797,2.0160,4.0320
13827,2.0172,4.0344
13857,2.0157,4.0315
13887,2.0163,4.0326
13917,2.0149,4.0299
13947,2.0162,4.0325
13977,2.0160,4.0320
14007,2.0149,4.0299
14037,2.0157,4.0315
14067,2.0147,4.0294
14097,2.0142,4.0284
14127,1.9891,3.9781
14157,2.0140,4.0280
14187,2.0131,4.0263
14217,2.0139,4.0278
14247,2.0134,4.0269
14277,2.0147,4.0294
14307,2.0133,4.0265
14337,2.0144,4.0289
14367,2.0138,4.0276
14397,2.0127,4.0254
14427,2.0117,4.0234
14457,2.0122,4.0244
14487,2.0122,4.0244
14517,2.0120,4.0240
14547,2.0119,4.0239
14577,2.0129,4.0259
14607,2.0114,4.0228
14637,2.0114,4.0228
14667,2.0122,4.0244
14697,2.0113,4.0226
14727,2.0109,4.0218
14757,1.9866,3.9731
14787,2.0106,4.0212
14817,2.0104,4.0208
14847,1.9856,3.9713
14877,2.0105,4.0210
14907,2.0111,4.0221
14937,2.0105,4.0210
14967,2.0103,4.0206
14997,2.0098,4.0196
15027,2.0104,4.0209
15057,2.0099,4.0198
15087,2.0096,4.0193
15117,2.0090,4.0180
15147,2.0089,4.0179
15177,2.0104,4.0208
15207,2.0096,4.0191
15237,2.0102,4.0204
15267,2.0096,4.0191
15297,2.0095,4.0190
15327,2.0091,4.0181
15357,2.0087,4.0174
15387,2.0089,4.0177
15417,1.9836,3.9673
15447,2.0055,4.0110
15477,2.0086,4.0171
15507,2.0089,4.0179
15537,2.0092,4.0184
15567,2.0081,4.0163
15597,1.9836,3.9673
15627,2.0076,4.0153
15657,1.9743,3.9486
15687,2.0082,4.0164
15717,1.9821,3.9641
15747,2.0081,4.0161
15777,2.0079,4.0159
15807,2.0057,4.0114
15837,2.0071,4.0141
15867,2.0076,4.0151
15897,2.0078,4.0155
15927,2.0072,4.0144
15957,2.0074,4.0148
15987,2.0062,4.0125
16017,2.0075,4.0150
16047,2.0066,4.0131
16077,2.0071,4.0142
16107,2.0064,4.0129
16137,2.0061,4.0121
16167,2.0060,4.0120
16197,2.0063,4.0126
16227,2.0068,4.0136
16257,2.0070,4.0140
16287,2.0061,4.0121
16317,2.0069,4.0138
16347,2.0062,4.0125
16377,2.0056,4.0111
16407,2.0059,4.0118
16437,2.0050,4.0100
16467,2.0048,4.0095
16497,2.0047,4.0094
16527,2.0044,4.0089
16557,2.0040,4.0080
16587,2.0034,4.0068
16617,2.0031,4.0061
16647,2.0032,4.0065
16677,2.0039,4.0078
16707,2.0044,4.0088
16737,1.9777,3.9554
16767,2.0031,4.0061
16797,1.9888,3.9776
16827,2.0026,4.0051
16857,2.0031,4.0061
16887,2.0026,4.0051
16917,2.0031,4.0063
16947,2.0019,4.0038
16977,1.9772,3.9544
17007,2.0021,4.0043
17037,1.9761,3.9523
17067,2.0015,4.0030
17097,2.0006,4.0012
17127,1.9759,3.9519
17157,2.0008,4.0016
17187,1.9856,3.9713
17217,2.0002,4.0004
17247,1.9999,3.9997
17277,1.9988,3.9976
17307,1.9998,3.9996
17337,1.9741,3.9483
17367,1.9736,3.9471
17397,1.9995,3.9990
17427,1.9978,3.9956
17457,1.9983,3.9965
17487,1.9984,3.9968
17517,1.9733,3.9466
17547,1.9729,3.9459
17577,1.9978,3.9955
17607,1.9983,3.9966
17637,1.9978,3.9955
17667,1.9769,3.9537
17697,1.9968,3.9936
17727,1.9968,3.9935
17757,1.9963,3.9925
17787,1.9963,3.9926
17817,1.9708,3.9416
17847,1.9959,3.9918
17877,1.9956,3.9911
17907,1.9706,3.9411
17937,1.9955,3.9910
17967,1.9948,3.9896
17997,1.9943,3.9885
18027,1.9941,3.9883
18057,1.9941,3.9883
18087,1.9684,3.9369
18117,1.9936,3.9871
18147,1.9936,3.9873
18177,1.9936,3.9871
18207,1.9937,3.9874
18237,1.9684,3.9367
18267,1.9924,3.9849
18297,1.9924,3.9849
18327,1.9934,3.9867
18357,1.9921,3.9841
18387,1.9931,3.9861
18417,1.9668,3.9336
18447,1.9865,3.9730
18477,1.9919,3.9839
18507,1.9915,3.9830
18537,1.9821,3.9643
18567,1.9916,3.9832
18597,1.9909,3.9819
18627,1.9909,3.9819
18657,1.9662,3.9324
18687,1.9914,3.9827
18717,1.9909,3.9818
18747,1.9911,3.9821
18777,1.9908,3.9816
18807,1.9904,3.9808
18837,1.9904,3.9809
18867,1.9896,3.9791
18897,1.9894,3.9788
18927,1.9904,3.9808
18957,1.9897,3.9794
18987,1.9893,3.9786
19017,1.9739,3.9478
19047,1.9891,3.9783
19077,1.9891,3.9783
19107,1.9892,3.9785
19137,1.9646,3.9291
19167,1.9889,3.9778
19197,1.9889,3.9779
19227,1.9891,3.9781
19257,1.9647,3.9294
19287,1.9888,3.9776
19317,1.9886,3.9773
19347,1.9881,3.9762
19377,1.9889,3.9778
19407,1.9887,3.9775
19437,1.9631,3.9263
19467,1.9884,3.9767
19497,1.9639,3.9279
19527,1.9803,3.9606
19557,1.9641,3.9281
19587,1.9878,3.9755
19617,1.9633,3.9266
19647,1.9634,3.9269
19677,1.9876,3.9753
19707,1.9872,3.9745
19737,1.9879,3.9758
19767,1.9629,3.9259
19797,1.9881,3.9761
19827,1.9873,3.9746
19857,1.9611,3.9221
19887,1.9885,3.9770
19917,1.9874,3.9748
19947,1.9877,3.9754
19977,1.9869,3.9739
20007,1.9872,3.9744
20037,1.9621,3.9242
20067,1.9869,3.9739
20097,1.9876,3.9751
20127,1.9876,3.9751
20157,1.9872,3.9744
20187,1.9874,3.9748
20217,1.9869,3.9738
20247,1.9871,3.9743
20277,1.9626,3.9253
20307,1.9871,3.9743
20337,1.9872,3.9744
20367,1.9872,3.9745
20397,1.9864,3.9729
20427,1.9866,3.9731
20457,1.9859,3.9718
20487,1.9869,3.9739
20517,1.9861,3.9723
20547,1.9866,3.9732
20577,1.9866,3.9732
20607,1.9858,3.9716
20637,1.9859,3.9719
20667,1.9857,3.9714
20697,1.9860,3.9720
20727,1.9854,3.9708
20757,1.9601,3.9201
20787,1.9857,3.9715
20817,1.9852,3.9704
20847,1.9853,3.9705
20877,1.9851,3.9702
20907,1.9854,3.9708
20937,1.9846,3.9693
20967,1.9853,3.9706
20997,1.9607,3.9214
21027,1.9846,3.9691
21057,1.9848,3.9696
21087,1.9851,3.9701
21117,1.9842,3.9684
21147,1.9843,3.9686
21177,1.9844,3.9689
21207,1.9847,3.9694
21237,1.9849,3.9697
21267,1.9837,3.9674
21297,1.9833,3.9665
21327,1.9839,3.9678
21357,1.9833,3.9665
21387,1.9842,3.9685
21417,1.9831,3.9662
21447,1.9833,3.9665
21477,1.9824,3.9649
21507,1.9830,3.9660
21537,1.9832,3.9664
21567,1.9833,3.9666
21597,1.9831,3.9661
21627,1.9826,3.9653
21657,1.9584,3.9169
21687,1.9834,3.9667
21717,1.9825,3.9650
21747,1.9823,3.9646
21777,1.9821,3.9641
21807,1.9824,3.9649
21837,1.9821,3.9643
21867,1.9821,3.9641
21897,1.9574,3.9148
21927,1.9820,3.9640
21957,1.9824,3.9649
21987,1.9821,3.9641
22017,1.9809,3.9618
22047,1.9814,3.9628
22077,1.9563,3.9126
22107,1.9811,3.9623
22137,1.9810,3.9620
22167,1.9801,3.9602
22197,1.9809,3.9618
22227,1.9811,3.9621
22257,1.9806,3.9611
22287,1.9803,3.9606
22317,1.9561,3.9123
22347,1.9798,3.9596
22377,1.9375,3.8750
22407,1.9799,3.9597
22437,1.9549,3.9099
22467,1.9796,3.9593
22497,1.9798,3.9596
22527,1.9788,3.9576
22557,1.9791,3.9583
22587,1.9791,3.9583
22617,1.9791,3.9583
22647,1.9788,3.9576
22677,1.9788,3.9576
22707,1.9782,3.9564
22737,1.9779,3.9558
22767,1.9781,3.9563
22797,1.9776,3.9551
22827,1.9777,3.9554
22857,1.9525,3.9050
22887,1.9774,3.9549
22917,1.9783,3.9566
22947,1.9562,3.9124
22977,1.9765,3.9530
23007,1.9763,3.9526
23037,1.9763,3.9526
23067,1.9764,3.9529
23097,1.9759,3.9519
23127,1.9754,3.9509
23157,1.9757,3.9514
23187,1.9502,3.9004
23217,1.9752,3.9504
23247,1.9754,3.9508
23277,1.9757,3.9514
23307,1.9755,3.9510
23337,1.9746,3.9493
23367,1.9754,3.9508
23397,1.9757,3.9514
23427,1.9738,3.9475
23457,1.9751,3.9501
23487,1.9734,3.9467
23517,1.9743,3.9486
23547,1.9738,3.9475
23577,1.9729,3.9458
23607,1.9739,3.9478
23637,1.9734,3.9467
23667,1.9734,3.9469
23697,1.9492,3.8984
23727,1.9737,3.9474
23757,1.9722,3.9444
23787,1.9720,3.9440
23817,1.9729,3.9458
23847,1.9726,3.9453
23877,1.9716,3.9431
23907,1.9714,3.9428
23937,1.9719,3.9437
23967,1.9715,3.9430
23997,1.9709,3.9419
24027,1.9727,3.9455
24057,1.9706,3.9413
24087,1.9705,3.9410
24117,1.9707,3.9414
24147,1.9708,3.9416
24177,1.9713,3.9425
24207,1.9701,3.9401
24237,1.9696,3.9393
24267,1.9698,3.9395
24297,1.9699,3.9398
24327,1.9697,3.9394
24357,1.9698,3.9396
24387,1.9696,3.9391
24417,1.9689,3.9379
24447,1.9686,3.9372
24477,1.9425,3.8850
